governor,state,time_in_office,party,year
Phil Bryant,Mississippi,2016 - 2020,Republican,2020
Jeff Colyer,Kansas,2018 - 2019,Republican,2019
Ricardo Rosselló,Puerto Rico,2017 - 2019,New Progressive Party (Puerto Rico),2019
Phil Bryant,Mississippi,2016 - 2020,Republican,2019
Matt Bevin,Kentucky,2015 - 2019,Republican,2019
John Hickenlooper,Colorado,2015 - 2019,Democrat,2019
Nathan Deal,Georgia,2015 - 2019,Republican,2019
Bruce Rauner,Illinois,2015 - 2019,Republican,2019
Dannel Malloy,Connecticut,2015 - 2019,Democrat,2019
Rick Scott,Florida,2015 - 2019,Republican,2019
Eddie Baza Calvo,Guam,2015 - 2019,Republican,2019
Kenneth Mapp,Virgin Islands,2015 - 2019,Independent,2019
Bill Haslam,Tennessee,2011 - 2019,Republican,2019
John Kasich,Ohio,2011 - 2019,Republican,2019
Mary Fallin,Oklahoma,2011 - 2019,Republican,2019
Dennis Daugaard,South Dakota,2011 - 2019,Republican,2019
Paul LePage,Maine,2011 - 2019,Republican,2019
Edmund G. Brown Jr.,California,2011 - 2019,Democrat,2019
Mark Dayton,Minnesota,2011 - 2019,Democrat,2019
Brian Sandoval,Nevada,2011 - 2019,Republican,2019
Scott Walker,Wisconsin,2011 - 2019,Republican,2019
Matthew Mead,Wyoming,2011 - 2019,Republican,2019
Rick Snyder,Michigan,2011 - 2019,Republican,2019
Susana Martinez,New Mexico,2011 - 2019,Republican,2019
C.L. “Butch” Otter,Idaho,2007 - 2019,Republican,2019
Jeff Colyer,Kansas,2018 - 2019,Republican,2018
Eric Greitens,Missouri,2017 - 2018,Republican,2018
Ricardo Rosselló,Puerto Rico,2017 - 2019,New Progressive Party (Puerto Rico),2018
Phil Bryant,Mississippi,2016 - 2020,Republican,2018
Matt Bevin,Kentucky,2015 - 2019,Republican,2018
John Hickenlooper,Colorado,2015 - 2019,Democrat,2018
Nathan Deal,Georgia,2015 - 2019,Republican,2018
Bruce Rauner,Illinois,2015 - 2019,Republican,2018
Sam Brownback,Kansas,2015 - 2018,Republican,2018
Dannel Malloy,Connecticut,2015 - 2019,Democrat,2018
Rick Scott,Florida,2015 - 2019,Republican,2018
Eddie Baza Calvo,Guam,2015 - 2019,Republican,2018
Kenneth Mapp,Virgin Islands,2015 - 2019,Independent,2018
Bill Walker,Alaska,2014 - 2018,Independent,2018
Terry McAuliffe,Virginia,2014 - 2018,Democrat,2018
Bill Haslam,Tennessee,2011 - 2019,Republican,2018
John Kasich,Ohio,2011 - 2019,Republican,2018
Mary Fallin,Oklahoma,2011 - 2019,Republican,2018
Dennis Daugaard,South Dakota,2011 - 2019,Republican,2018
Paul LePage,Maine,2011 - 2019,Republican,2018
Edmund G. Brown Jr.,California,2011 - 2019,Democrat,2018
Mark Dayton,Minnesota,2011 - 2019,Democrat,2018
Brian Sandoval,Nevada,2011 - 2019,Republican,2018
Scott Walker,Wisconsin,2011 - 2019,Republican,2018
Matthew Mead,Wyoming,2011 - 2019,Republican,2018
Rick Snyder,Michigan,2011 - 2019,Republican,2018
Susana Martinez,New Mexico,2011 - 2019,Republican,2018
Christopher Christie,New Jersey,2010 - 2018,Republican,2018
C.L. “Butch” Otter,Idaho,2007 - 2019,Republican,2018
Eric Greitens,Missouri,2017 - 2018,Republican,2017
Chuck Morse,New Hampshire,2017 - 2017,Republican,2017
Ricardo Rosselló,Puerto Rico,2017 - 2019,New Progressive Party (Puerto Rico),2017
Phil Bryant,Mississippi,2016 - 2020,Republican,2017
Matt Bevin,Kentucky,2015 - 2019,Republican,2017
Earl Ray Tomblin,West Virginia,2015 - 2017,Democrat,2017
John Hickenlooper,Colorado,2015 - 2019,Democrat,2017
Nathan Deal,Georgia,2015 - 2019,Republican,2017
Bruce Rauner,Illinois,2015 - 2019,Republican,2017
Sam Brownback,Kansas,2015 - 2018,Republican,2017
Dannel Malloy,Connecticut,2015 - 2019,Democrat,2017
Rick Scott,Florida,2015 - 2019,Republican,2017
Eddie Baza Calvo,Guam,2015 - 2019,Republican,2017
Kenneth Mapp,Virgin Islands,2015 - 2019,Independent,2017
Bill Walker,Alaska,2014 - 2018,Independent,2017
Terry McAuliffe,Virginia,2014 - 2018,Democrat,2017
Mike Pence,Indiana,2013 - 2017,Republican,2017
Alejandro García Padilla,Puerto Rico,2013 - 2017,Popular Democratic Party,2017
Maggie Hassan,New Hampshire,2013 - 2017,Democrat,2017
Robert Bentley,Alabama,2011 - 2017,Republican,2017
Bill Haslam,Tennessee,2011 - 2019,Republican,2017
Terry E. Branstad,Iowa,2011 - 2017,Republican,2017
Nikki R. Haley,South Carolina,2011 - 2017,Republican,2017
John Kasich,Ohio,2011 - 2019,Republican,2017
Mary Fallin,Oklahoma,2011 - 2019,Republican,2017
Dennis Daugaard,South Dakota,2011 - 2019,Republican,2017
Peter Shumlin,Vermont,2011 - 2017,Democrat,2017
Paul LePage,Maine,2011 - 2019,Republican,2017
Edmund G. Brown Jr.,California,2011 - 2019,Democrat,2017
Mark Dayton,Minnesota,2011 - 2019,Democrat,2017
Brian Sandoval,Nevada,2011 - 2019,Republican,2017
Scott Walker,Wisconsin,2011 - 2019,Republican,2017
Matthew Mead,Wyoming,2011 - 2019,Republican,2017
Rick Snyder,Michigan,2011 - 2019,Republican,2017
Susana Martinez,New Mexico,2011 - 2019,Republican,2017
Christopher Christie,New Jersey,2010 - 2018,Republican,2017
Jack Markell,Delaware,2009 - 2017,Democrat,2017
Jeremiah W. (Jay) Nixon,Missouri,2009 - 2017,Democrat,2017
C.L. “Butch” Otter,Idaho,2007 - 2019,Republican,2017
Phil Bryant,Mississippi,2012 - 2016,Republican,2016
Phil Bryant,Mississippi,2016 - 2020,Republican,2016
Matt Bevin,Kentucky,2015 - 2019,Republican,2016
Earl Ray Tomblin,West Virginia,2015 - 2017,Democrat,2016
John Hickenlooper,Colorado,2015 - 2019,Democrat,2016
Nathan Deal,Georgia,2015 - 2019,Republican,2016
Bruce Rauner,Illinois,2015 - 2019,Republican,2016
Sam Brownback,Kansas,2015 - 2018,Republican,2016
Dannel Malloy,Connecticut,2015 - 2019,Democrat,2016
Rick Scott,Florida,2015 - 2019,Republican,2016
Eddie Baza Calvo,Guam,2015 - 2019,Republican,2016
Kenneth Mapp,Virgin Islands,2015 - 2019,Independent,2016
Bill Walker,Alaska,2014 - 2018,Independent,2016
Terry McAuliffe,Virginia,2014 - 2018,Democrat,2016
Mike Pence,Indiana,2013 - 2017,Republican,2016
Pat McCrory,North Carolina,2013 - 2016,Republican,2016
Alejandro García Padilla,Puerto Rico,2013 - 2017,Popular Democratic Party,2016
Maggie Hassan,New Hampshire,2013 - 2017,Democrat,2016
Robert Bentley,Alabama,2011 - 2017,Republican,2016
Bill Haslam,Tennessee,2011 - 2019,Republican,2016
Terry E. Branstad,Iowa,2011 - 2017,Republican,2016
Nikki R. Haley,South Carolina,2011 - 2017,Republican,2016
John Kasich,Ohio,2011 - 2019,Republican,2016
Mary Fallin,Oklahoma,2011 - 2019,Republican,2016
Dennis Daugaard,South Dakota,2011 - 2019,Republican,2016
Peter Shumlin,Vermont,2011 - 2017,Democrat,2016
Paul LePage,Maine,2011 - 2019,Republican,2016
Edmund G. Brown Jr.,California,2011 - 2019,Democrat,2016
Mark Dayton,Minnesota,2011 - 2019,Democrat,2016
Brian Sandoval,Nevada,2011 - 2019,Republican,2016
Scott Walker,Wisconsin,2011 - 2019,Republican,2016
Matthew Mead,Wyoming,2011 - 2019,Republican,2016
Rick Snyder,Michigan,2011 - 2019,Republican,2016
Susana Martinez,New Mexico,2011 - 2019,Republican,2016
Jack Dalrymple,North Dakota,2010 - 2016,Republican,2016
Christopher Christie,New Jersey,2010 - 2018,Republican,2016
Jack Markell,Delaware,2009 - 2017,Democrat,2016
Jeremiah W. (Jay) Nixon,Missouri,2009 - 2017,Democrat,2016
Bobby Jindal,Louisiana,2008 - 2016,Republican,2016
C.L. “Butch” Otter,Idaho,2007 - 2019,Republican,2016
Phil Bryant,Mississippi,2012 - 2016,Republican,2015
Matt Bevin,Kentucky,2015 - 2019,Republican,2015
Earl Ray Tomblin,West Virginia,2015 - 2017,Democrat,2015
John Hickenlooper,Colorado,2015 - 2019,Democrat,2015
John Hickenlooper,Colorado,2011 - 2015,Democrat,2015
Nathan Deal,Georgia,2015 - 2019,Republican,2015
Nathan Deal,Georgia,2011 - 2015,Republican,2015
Bruce Rauner,Illinois,2015 - 2019,Republican,2015
Sam Brownback,Kansas,2015 - 2018,Republican,2015
Sam Brownback,Kansas,2011 - 2015,Republican,2015
Dannel Malloy,Connecticut,2015 - 2019,Democrat,2015
Dannel Malloy,Connecticut,2011 - 2015,Democrat,2015
Rick Scott,Florida,2015 - 2019,Republican,2015
Rick Scott,Florida,2011 - 2015,Republican,2015
Eddie Baza Calvo,Guam,2015 - 2019,Republican,2015
Eddie Baza Calvo,Guam,2011 - 2015,Republican,2015
Kenneth Mapp,Virgin Islands,2015 - 2019,Independent,2015
Bill Walker,Alaska,2014 - 2018,Independent,2015
Terry McAuliffe,Virginia,2014 - 2018,Democrat,2015
Eloy Inos,Northern Mariana Islands,2013 - 2015,Republican,2015
Mike Pence,Indiana,2013 - 2017,Republican,2015
Pat McCrory,North Carolina,2013 - 2016,Republican,2015
Alejandro García Padilla,Puerto Rico,2013 - 2017,Popular Democratic Party,2015
Maggie Hassan,New Hampshire,2013 - 2017,Democrat,2015
Tom Corbett,Pennsylvania,2011 - 2015,Republican,2015
Robert Bentley,Alabama,2011 - 2017,Republican,2015
Bill Haslam,Tennessee,2011 - 2019,Republican,2015
Terry E. Branstad,Iowa,2011 - 2017,Republican,2015
Nikki R. Haley,South Carolina,2011 - 2017,Republican,2015
John Kasich,Ohio,2011 - 2019,Republican,2015
Mary Fallin,Oklahoma,2011 - 2019,Republican,2015
John A. Kitzhaber,Oregon,2011 - 2015,Democrat,2015
Dennis Daugaard,South Dakota,2011 - 2019,Republican,2015
Peter Shumlin,Vermont,2011 - 2017,Democrat,2015
Paul LePage,Maine,2011 - 2019,Republican,2015
Lincoln Chafee,Rhode Island,2011 - 2015,Democrat,2015
Edmund G. Brown Jr.,California,2011 - 2019,Democrat,2015
Mark Dayton,Minnesota,2011 - 2019,Democrat,2015
Brian Sandoval,Nevada,2011 - 2019,Republican,2015
Scott Walker,Wisconsin,2011 - 2019,Republican,2015
Matthew Mead,Wyoming,2011 - 2019,Republican,2015
Rick Snyder,Michigan,2011 - 2019,Republican,2015
Susana Martinez,New Mexico,2011 - 2019,Republican,2015
Jack Dalrymple,North Dakota,2010 - 2016,Republican,2015
Christopher Christie,New Jersey,2010 - 2018,Republican,2015
Pat Quinn,Illinois,2009 - 2015,Democrat,2015
Jan Brewer,Arizona,2009 - 2015,Republican,2015
Jack Markell,Delaware,2009 - 2017,Democrat,2015
Jeremiah W. (Jay) Nixon,Missouri,2009 - 2017,Democrat,2015
Bobby Jindal,Louisiana,2008 - 2016,Republican,2015
Steven L. Beshear,Kentucky,2007 - 2015,Democrat,2015
Martin O’Malley,Maryland,2007 - 2015,Democrat,2015
Mike Beebe,Arkansas,2007 - 2015,Democrat,2015
Deval Patrick,Massachusetts,2007 - 2015,Democrat,2015
C.L. “Butch” Otter,Idaho,2007 - 2019,Republican,2015
"John de Jongh, Jr.",Virgin Islands,2007 - 2015,Democrat,2015
Dave Heineman,Nebraska,2005 - 2015,Republican,2015
Rick Perry,Texas,2000 - 2015,Republican,2015
Phil Bryant,Mississippi,2012 - 2016,Republican,2014
John Hickenlooper,Colorado,2011 - 2015,Democrat,2014
Nathan Deal,Georgia,2011 - 2015,Republican,2014
Sam Brownback,Kansas,2011 - 2015,Republican,2014
Dannel Malloy,Connecticut,2011 - 2015,Democrat,2014
Rick Scott,Florida,2011 - 2015,Republican,2014
Eddie Baza Calvo,Guam,2011 - 2015,Republican,2014
Bill Walker,Alaska,2014 - 2018,Independent,2014
Terry McAuliffe,Virginia,2014 - 2018,Democrat,2014
Eloy Inos,Northern Mariana Islands,2013 - 2015,Republican,2014
Mike Pence,Indiana,2013 - 2017,Republican,2014
Pat McCrory,North Carolina,2013 - 2016,Republican,2014
Alejandro García Padilla,Puerto Rico,2013 - 2017,Popular Democratic Party,2014
Maggie Hassan,New Hampshire,2013 - 2017,Democrat,2014
Tom Corbett,Pennsylvania,2011 - 2015,Republican,2014
Robert Bentley,Alabama,2011 - 2017,Republican,2014
Bill Haslam,Tennessee,2011 - 2019,Republican,2014
Terry E. Branstad,Iowa,2011 - 2017,Republican,2014
Nikki R. Haley,South Carolina,2011 - 2017,Republican,2014
John Kasich,Ohio,2011 - 2019,Republican,2014
Mary Fallin,Oklahoma,2011 - 2019,Republican,2014
John A. Kitzhaber,Oregon,2011 - 2015,Democrat,2014
Dennis Daugaard,South Dakota,2011 - 2019,Republican,2014
Peter Shumlin,Vermont,2011 - 2017,Democrat,2014
Paul LePage,Maine,2011 - 2019,Republican,2014
Lincoln Chafee,Rhode Island,2011 - 2015,Democrat,2014
Edmund G. Brown Jr.,California,2011 - 2019,Democrat,2014
Mark Dayton,Minnesota,2011 - 2019,Democrat,2014
Brian Sandoval,Nevada,2011 - 2019,Republican,2014
Scott Walker,Wisconsin,2011 - 2019,Republican,2014
Matthew Mead,Wyoming,2011 - 2019,Republican,2014
Rick Snyder,Michigan,2011 - 2019,Republican,2014
Susana Martinez,New Mexico,2011 - 2019,Republican,2014
Jack Dalrymple,North Dakota,2010 - 2016,Republican,2014
Neil Abercrombie,Hawaii,2010 - 2014,Democrat,2014
Christopher Christie,New Jersey,2010 - 2018,Republican,2014
Robert McDonnell,Virginia,2010 - 2014,Republican,2014
Sean Parnell,Alaska,2009 - 2014,Republican,2014
Pat Quinn,Illinois,2009 - 2015,Democrat,2014
Jan Brewer,Arizona,2009 - 2015,Republican,2014
Jack Markell,Delaware,2009 - 2017,Democrat,2014
Jeremiah W. (Jay) Nixon,Missouri,2009 - 2017,Democrat,2014
Bobby Jindal,Louisiana,2008 - 2016,Republican,2014
Steven L. Beshear,Kentucky,2007 - 2015,Democrat,2014
Martin O’Malley,Maryland,2007 - 2015,Democrat,2014
Mike Beebe,Arkansas,2007 - 2015,Democrat,2014
Deval Patrick,Massachusetts,2007 - 2015,Democrat,2014
C.L. “Butch” Otter,Idaho,2007 - 2019,Republican,2014
"John de Jongh, Jr.",Virgin Islands,2007 - 2015,Democrat,2014
Dave Heineman,Nebraska,2005 - 2015,Republican,2014
Rick Perry,Texas,2000 - 2015,Republican,2014
Phil Bryant,Mississippi,2012 - 2016,Republican,2013
John Hickenlooper,Colorado,2011 - 2015,Democrat,2013
Nathan Deal,Georgia,2011 - 2015,Republican,2013
Sam Brownback,Kansas,2011 - 2015,Republican,2013
Dannel Malloy,Connecticut,2011 - 2015,Democrat,2013
Rick Scott,Florida,2011 - 2015,Republican,2013
Eddie Baza Calvo,Guam,2011 - 2015,Republican,2013
Eloy Inos,Northern Mariana Islands,2013 - 2015,Republican,2013
Mike Pence,Indiana,2013 - 2017,Republican,2013
Pat McCrory,North Carolina,2013 - 2016,Republican,2013
Alejandro García Padilla,Puerto Rico,2013 - 2017,Popular Democratic Party,2013
Maggie Hassan,New Hampshire,2013 - 2017,Democrat,2013
Tom Corbett,Pennsylvania,2011 - 2015,Republican,2013
Robert Bentley,Alabama,2011 - 2017,Republican,2013
Bill Haslam,Tennessee,2011 - 2019,Republican,2013
Terry E. Branstad,Iowa,2011 - 2017,Republican,2013
Nikki R. Haley,South Carolina,2011 - 2017,Republican,2013
John Kasich,Ohio,2011 - 2019,Republican,2013
Mary Fallin,Oklahoma,2011 - 2019,Republican,2013
John A. Kitzhaber,Oregon,2011 - 2015,Democrat,2013
Dennis Daugaard,South Dakota,2011 - 2019,Republican,2013
Peter Shumlin,Vermont,2011 - 2017,Democrat,2013
Paul LePage,Maine,2011 - 2019,Republican,2013
Lincoln Chafee,Rhode Island,2011 - 2015,Democrat,2013
Edmund G. Brown Jr.,California,2011 - 2019,Democrat,2013
Mark Dayton,Minnesota,2011 - 2019,Democrat,2013
Brian Sandoval,Nevada,2011 - 2019,Republican,2013
Scott Walker,Wisconsin,2011 - 2019,Republican,2013
Matthew Mead,Wyoming,2011 - 2019,Republican,2013
Rick Snyder,Michigan,2011 - 2019,Republican,2013
Susana Martinez,New Mexico,2011 - 2019,Republican,2013
Jack Dalrymple,North Dakota,2010 - 2016,Republican,2013
Neil Abercrombie,Hawaii,2010 - 2014,Democrat,2013
Christopher Christie,New Jersey,2010 - 2018,Republican,2013
Robert McDonnell,Virginia,2010 - 2014,Republican,2013
Sean Parnell,Alaska,2009 - 2014,Republican,2013
Pat Quinn,Illinois,2009 - 2015,Democrat,2013
Jan Brewer,Arizona,2009 - 2015,Republican,2013
Jack Markell,Delaware,2009 - 2017,Democrat,2013
Jeremiah W. (Jay) Nixon,Missouri,2009 - 2017,Democrat,2013
Bev Perdue,North Carolina,2009 - 2013,Democrat,2013
Luis G. Fortuño,Puerto Rico,2009 - 2013,New Progressive Party (Puerto Rico),2013
Bobby Jindal,Louisiana,2008 - 2016,Republican,2013
Steven L. Beshear,Kentucky,2007 - 2015,Democrat,2013
Martin O’Malley,Maryland,2007 - 2015,Democrat,2013
Mike Beebe,Arkansas,2007 - 2015,Democrat,2013
Deval Patrick,Massachusetts,2007 - 2015,Democrat,2013
C.L. “Butch” Otter,Idaho,2007 - 2019,Republican,2013
"John de Jongh, Jr.",Virgin Islands,2007 - 2015,Democrat,2013
Benígno Fitial,Northern Mariana Islands,2006 - 2013,Republican,2013
Dave Heineman,Nebraska,2005 - 2015,Republican,2013
Chris Gregoire,Washington,2005 - 2013,Democrat,2013
Mitch Daniels,Indiana,2005 - 2013,Republican,2013
John Lynch,New Hampshire,2005 - 2013,Democrat,2013
Brian Schweitzer,Montana,2005 - 2013,Democrat,2013
Togiola T. A. Tulafono,American Samoa,2003 - 2013,Democrat,2013
Rick Perry,Texas,2000 - 2015,Republican,2013
Phil Bryant,Mississippi,2012 - 2016,Republican,2012
John Hickenlooper,Colorado,2011 - 2015,Democrat,2012
Nathan Deal,Georgia,2011 - 2015,Republican,2012
Sam Brownback,Kansas,2011 - 2015,Republican,2012
Dannel Malloy,Connecticut,2011 - 2015,Democrat,2012
Rick Scott,Florida,2011 - 2015,Republican,2012
Eddie Baza Calvo,Guam,2011 - 2015,Republican,2012
Tom Corbett,Pennsylvania,2011 - 2015,Republican,2012
Robert Bentley,Alabama,2011 - 2017,Republican,2012
Bill Haslam,Tennessee,2011 - 2019,Republican,2012
Terry E. Branstad,Iowa,2011 - 2017,Republican,2012
Nikki R. Haley,South Carolina,2011 - 2017,Republican,2012
John Kasich,Ohio,2011 - 2019,Republican,2012
Mary Fallin,Oklahoma,2011 - 2019,Republican,2012
John A. Kitzhaber,Oregon,2011 - 2015,Democrat,2012
Dennis Daugaard,South Dakota,2011 - 2019,Republican,2012
Peter Shumlin,Vermont,2011 - 2017,Democrat,2012
Paul LePage,Maine,2011 - 2019,Republican,2012
Lincoln Chafee,Rhode Island,2011 - 2015,Democrat,2012
Edmund G. Brown Jr.,California,2011 - 2019,Democrat,2012
Mark Dayton,Minnesota,2011 - 2019,Democrat,2012
Brian Sandoval,Nevada,2011 - 2019,Republican,2012
Scott Walker,Wisconsin,2011 - 2019,Republican,2012
Matthew Mead,Wyoming,2011 - 2019,Republican,2012
Rick Snyder,Michigan,2011 - 2019,Republican,2012
Susana Martinez,New Mexico,2011 - 2019,Republican,2012
Jack Dalrymple,North Dakota,2010 - 2016,Republican,2012
Neil Abercrombie,Hawaii,2010 - 2014,Democrat,2012
Christopher Christie,New Jersey,2010 - 2018,Republican,2012
Robert McDonnell,Virginia,2010 - 2014,Republican,2012
Sean Parnell,Alaska,2009 - 2014,Republican,2012
Pat Quinn,Illinois,2009 - 2015,Democrat,2012
Jan Brewer,Arizona,2009 - 2015,Republican,2012
Jack Markell,Delaware,2009 - 2017,Democrat,2012
Jeremiah W. (Jay) Nixon,Missouri,2009 - 2017,Democrat,2012
Bev Perdue,North Carolina,2009 - 2013,Democrat,2012
Luis G. Fortuño,Puerto Rico,2009 - 2013,New Progressive Party (Puerto Rico),2012
Bobby Jindal,Louisiana,2008 - 2016,Republican,2012
Steven L. Beshear,Kentucky,2007 - 2015,Democrat,2012
Martin O’Malley,Maryland,2007 - 2015,Democrat,2012
Mike Beebe,Arkansas,2007 - 2015,Democrat,2012
Deval Patrick,Massachusetts,2007 - 2015,Democrat,2012
C.L. “Butch” Otter,Idaho,2007 - 2019,Republican,2012
"John de Jongh, Jr.",Virgin Islands,2007 - 2015,Democrat,2012
Benígno Fitial,Northern Mariana Islands,2006 - 2013,Republican,2012
Dave Heineman,Nebraska,2005 - 2015,Republican,2012
Chris Gregoire,Washington,2005 - 2013,Democrat,2012
Mitch Daniels,Indiana,2005 - 2013,Republican,2012
John Lynch,New Hampshire,2005 - 2013,Democrat,2012
Brian Schweitzer,Montana,2005 - 2013,Democrat,2012
Haley Barbour,Mississippi,2004 - 2012,Republican,2012
Togiola T. A. Tulafono,American Samoa,2003 - 2013,Democrat,2012
Rick Perry,Texas,2000 - 2015,Republican,2012
John Hickenlooper,Colorado,2011 - 2015,Democrat,2011
Nathan Deal,Georgia,2011 - 2015,Republican,2011
Sam Brownback,Kansas,2011 - 2015,Republican,2011
Dannel Malloy,Connecticut,2011 - 2015,Democrat,2011
Rick Scott,Florida,2011 - 2015,Republican,2011
Eddie Baza Calvo,Guam,2011 - 2015,Republican,2011
Tom Corbett,Pennsylvania,2011 - 2015,Republican,2011
Robert Bentley,Alabama,2011 - 2017,Republican,2011
Bill Haslam,Tennessee,2011 - 2019,Republican,2011
Terry E. Branstad,Iowa,2011 - 2017,Republican,2011
Nikki R. Haley,South Carolina,2011 - 2017,Republican,2011
John Kasich,Ohio,2011 - 2019,Republican,2011
Mary Fallin,Oklahoma,2011 - 2019,Republican,2011
John A. Kitzhaber,Oregon,2011 - 2015,Democrat,2011
Dennis Daugaard,South Dakota,2011 - 2019,Republican,2011
Peter Shumlin,Vermont,2011 - 2017,Democrat,2011
Paul LePage,Maine,2011 - 2019,Republican,2011
Lincoln Chafee,Rhode Island,2011 - 2015,Democrat,2011
Edmund G. Brown Jr.,California,2011 - 2019,Democrat,2011
Mark Dayton,Minnesota,2011 - 2019,Democrat,2011
Brian Sandoval,Nevada,2011 - 2019,Republican,2011
Scott Walker,Wisconsin,2011 - 2019,Republican,2011
Matthew Mead,Wyoming,2011 - 2019,Republican,2011
Rick Snyder,Michigan,2011 - 2019,Republican,2011
Susana Martinez,New Mexico,2011 - 2019,Republican,2011
Jack Dalrymple,North Dakota,2010 - 2016,Republican,2011
Neil Abercrombie,Hawaii,2010 - 2014,Democrat,2011
Christopher Christie,New Jersey,2010 - 2018,Republican,2011
Robert McDonnell,Virginia,2010 - 2014,Republican,2011
Sean Parnell,Alaska,2009 - 2014,Republican,2011
Mark Parkinson,Kansas,2009 - 2011,Democrat,2011
Pat Quinn,Illinois,2009 - 2015,Democrat,2011
Jan Brewer,Arizona,2009 - 2015,Republican,2011
Jack Markell,Delaware,2009 - 2017,Democrat,2011
Jeremiah W. (Jay) Nixon,Missouri,2009 - 2017,Democrat,2011
Bev Perdue,North Carolina,2009 - 2013,Democrat,2011
Luis G. Fortuño,Puerto Rico,2009 - 2013,New Progressive Party (Puerto Rico),2011
David A. Paterson,New York,2008 - 2011,Democrat,2011
Bobby Jindal,Louisiana,2008 - 2016,Republican,2011
Steven L. Beshear,Kentucky,2007 - 2015,Democrat,2011
Martin O’Malley,Maryland,2007 - 2015,Democrat,2011
Chet Culver,Iowa,2007 - 2011,Democrat,2011
Bill Ritter,Colorado,2007 - 2011,Democrat,2011
Mike Beebe,Arkansas,2007 - 2015,Democrat,2011
Ted Strickland,Ohio,2007 - 2011,Democrat,2011
Deval Patrick,Massachusetts,2007 - 2015,Democrat,2011
Charlie Crist,Florida,2007 - 2011,Republican,2011
C.L. “Butch” Otter,Idaho,2007 - 2019,Republican,2011
"John de Jongh, Jr.",Virgin Islands,2007 - 2015,Democrat,2011
Jim Gibbons,Nevada,2007 - 2011,Republican,2011
Benígno Fitial,Northern Mariana Islands,2006 - 2013,Republican,2011
Dave Heineman,Nebraska,2005 - 2015,Republican,2011
Chris Gregoire,Washington,2005 - 2013,Democrat,2011
Mitch Daniels,Indiana,2005 - 2013,Republican,2011
John Lynch,New Hampshire,2005 - 2013,Democrat,2011
Brian Schweitzer,Montana,2005 - 2013,Democrat,2011
M. Jodi Rell,Connecticut,2004 - 2011,Republican,2011
Haley Barbour,Mississippi,2004 - 2012,Republican,2011
Arnold Schwarzenegger,California,2003 - 2011,Republican,2011
Togiola T. A. Tulafono,American Samoa,2003 - 2013,Democrat,2011
Edward G. Rendell,Pennsylvania,2003 - 2011,Democrat,2011
Bob Riley,Alabama,2003 - 2011,Republican,2011
Phil Bredesen,Tennessee,2003 - 2011,Democrat,2011
Mark Sanford,South Carolina,2003 - 2011,Republican,2011
Sonny Perdue,Georgia,2003 - 2011,Republican,2011
Brad Henry,Oklahoma,2003 - 2011,Democrat,2011
Ted Kulongoski,Oregon,2003 - 2011,Democrat,2011
Jim Douglas,Vermont,2003 - 2011,Republican,2011
John E. Baldacci,Maine,2003 - 2011,Democrat,2011
Mike Rounds,South Dakota,2003 - 2011,Republican,2011
Don Carcieri,Rhode Island,2003 - 2011,Republican,2011
Dave Freudenthal,Wyoming,2003 - 2011,Democrat,2011
Jim Doyle,Wisconsin,2003 - 2011,Democrat,2011
Tim Pawlenty,Minnesota,2003 - 2011,Republican,2011
Felix P. Camacho,Guam,2003 - 2011,Republican,2011
Bill Richardson,New Mexico,2003 - 2011,Democrat,2011
Jennifer M. Granholm,Michigan,2003 - 2011,Democrat,2011
Rick Perry,Texas,2000 - 2015,Republican,2011
Jack Dalrymple,North Dakota,2010 - 2016,Republican,2010
Neil Abercrombie,Hawaii,2010 - 2014,Democrat,2010
Christopher Christie,New Jersey,2010 - 2018,Republican,2010
Robert McDonnell,Virginia,2010 - 2014,Republican,2010
Sean Parnell,Alaska,2009 - 2014,Republican,2010
Mark Parkinson,Kansas,2009 - 2011,Democrat,2010
Pat Quinn,Illinois,2009 - 2015,Democrat,2010
Jan Brewer,Arizona,2009 - 2015,Republican,2010
Jack Markell,Delaware,2009 - 2017,Democrat,2010
Jeremiah W. (Jay) Nixon,Missouri,2009 - 2017,Democrat,2010
Bev Perdue,North Carolina,2009 - 2013,Democrat,2010
Luis G. Fortuño,Puerto Rico,2009 - 2013,New Progressive Party (Puerto Rico),2010
David A. Paterson,New York,2008 - 2011,Democrat,2010
Bobby Jindal,Louisiana,2008 - 2016,Republican,2010
Steven L. Beshear,Kentucky,2007 - 2015,Democrat,2010
Martin O’Malley,Maryland,2007 - 2015,Democrat,2010
Chet Culver,Iowa,2007 - 2011,Democrat,2010
Bill Ritter,Colorado,2007 - 2011,Democrat,2010
Mike Beebe,Arkansas,2007 - 2015,Democrat,2010
Ted Strickland,Ohio,2007 - 2011,Democrat,2010
Deval Patrick,Massachusetts,2007 - 2015,Democrat,2010
Charlie Crist,Florida,2007 - 2011,Republican,2010
C.L. “Butch” Otter,Idaho,2007 - 2019,Republican,2010
"John de Jongh, Jr.",Virgin Islands,2007 - 2015,Democrat,2010
Jim Gibbons,Nevada,2007 - 2011,Republican,2010
Jon Corzine,New Jersey,2006 - 2010,Democrat,2010
Tim Kaine,Virginia,2006 - 2010,Democrat,2010
Benígno Fitial,Northern Mariana Islands,2006 - 2013,Republican,2010
Dave Heineman,Nebraska,2005 - 2015,Republican,2010
Joe Manchin III,West Virginia,2005 - 2010,Democrat,2010
Chris Gregoire,Washington,2005 - 2013,Democrat,2010
Mitch Daniels,Indiana,2005 - 2013,Republican,2010
John Lynch,New Hampshire,2005 - 2013,Democrat,2010
Brian Schweitzer,Montana,2005 - 2013,Democrat,2010
M. Jodi Rell,Connecticut,2004 - 2011,Republican,2010
Haley Barbour,Mississippi,2004 - 2012,Republican,2010
Arnold Schwarzenegger,California,2003 - 2011,Republican,2010
Togiola T. A. Tulafono,American Samoa,2003 - 2013,Democrat,2010
Edward G. Rendell,Pennsylvania,2003 - 2011,Democrat,2010
Bob Riley,Alabama,2003 - 2011,Republican,2010
Phil Bredesen,Tennessee,2003 - 2011,Democrat,2010
Mark Sanford,South Carolina,2003 - 2011,Republican,2010
Sonny Perdue,Georgia,2003 - 2011,Republican,2010
Brad Henry,Oklahoma,2003 - 2011,Democrat,2010
Ted Kulongoski,Oregon,2003 - 2011,Democrat,2010
Jim Douglas,Vermont,2003 - 2011,Republican,2010
John E. Baldacci,Maine,2003 - 2011,Democrat,2010
Mike Rounds,South Dakota,2003 - 2011,Republican,2010
Don Carcieri,Rhode Island,2003 - 2011,Republican,2010
Dave Freudenthal,Wyoming,2003 - 2011,Democrat,2010
Jim Doyle,Wisconsin,2003 - 2011,Democrat,2010
Tim Pawlenty,Minnesota,2003 - 2011,Republican,2010
Felix P. Camacho,Guam,2003 - 2011,Republican,2010
Bill Richardson,New Mexico,2003 - 2011,Democrat,2010
Jennifer M. Granholm,Michigan,2003 - 2011,Democrat,2010
Linda Lingle,Hawaii,2002 - 2010,Republican,2010
Rick Perry,Texas,2000 - 2015,Republican,2010
John Hoeven,North Dakota,2000 - 2010,Republican,2010
Sean Parnell,Alaska,2009 - 2014,Republican,2009
Mark Parkinson,Kansas,2009 - 2011,Democrat,2009
Pat Quinn,Illinois,2009 - 2015,Democrat,2009
Jan Brewer,Arizona,2009 - 2015,Republican,2009
Jack Markell,Delaware,2009 - 2017,Democrat,2009
Jeremiah W. (Jay) Nixon,Missouri,2009 - 2017,Democrat,2009
Bev Perdue,North Carolina,2009 - 2013,Democrat,2009
Luis G. Fortuño,Puerto Rico,2009 - 2013,New Progressive Party (Puerto Rico),2009
David A. Paterson,New York,2008 - 2011,Democrat,2009
Bobby Jindal,Louisiana,2008 - 2016,Republican,2009
Steven L. Beshear,Kentucky,2007 - 2015,Democrat,2009
Martin O’Malley,Maryland,2007 - 2015,Democrat,2009
Chet Culver,Iowa,2007 - 2011,Democrat,2009
Bill Ritter,Colorado,2007 - 2011,Democrat,2009
Mike Beebe,Arkansas,2007 - 2015,Democrat,2009
Ted Strickland,Ohio,2007 - 2011,Democrat,2009
Deval Patrick,Massachusetts,2007 - 2015,Democrat,2009
Charlie Crist,Florida,2007 - 2011,Republican,2009
C.L. “Butch” Otter,Idaho,2007 - 2019,Republican,2009
"John de Jongh, Jr.",Virgin Islands,2007 - 2015,Democrat,2009
Jim Gibbons,Nevada,2007 - 2011,Republican,2009
Sarah Palin,Alaska,2006 - 2009,Republican,2009
Jon Corzine,New Jersey,2006 - 2010,Democrat,2009
Tim Kaine,Virginia,2006 - 2010,Democrat,2009
Benígno Fitial,Northern Mariana Islands,2006 - 2013,Republican,2009
Dave Heineman,Nebraska,2005 - 2015,Republican,2009
Joe Manchin III,West Virginia,2005 - 2010,Democrat,2009
Chris Gregoire,Washington,2005 - 2013,Democrat,2009
Matt Blunt,Missouri,2005 - 2009,Republican,2009
Mitch Daniels,Indiana,2005 - 2013,Republican,2009
John Lynch,New Hampshire,2005 - 2013,Democrat,2009
Jon Huntsman,Utah,2005 - 2009,Republican,2009
Anibal Acevedo Vilá,Puerto Rico,2005 - 2009,Popular Democratic Party,2009
Brian Schweitzer,Montana,2005 - 2013,Democrat,2009
M. Jodi Rell,Connecticut,2004 - 2011,Republican,2009
Haley Barbour,Mississippi,2004 - 2012,Republican,2009
Arnold Schwarzenegger,California,2003 - 2011,Republican,2009
Togiola T. A. Tulafono,American Samoa,2003 - 2013,Democrat,2009
Edward G. Rendell,Pennsylvania,2003 - 2011,Democrat,2009
Bob Riley,Alabama,2003 - 2011,Republican,2009
Phil Bredesen,Tennessee,2003 - 2011,Democrat,2009
Mark Sanford,South Carolina,2003 - 2011,Republican,2009
Sonny Perdue,Georgia,2003 - 2011,Republican,2009
Rod R. Blagojevich,Illinois,2003 - 2009,Democrat,2009
Brad Henry,Oklahoma,2003 - 2011,Democrat,2009
Ted Kulongoski,Oregon,2003 - 2011,Democrat,2009
Kathleen Sebelius,Kansas,2003 - 2009,Democrat,2009
Jim Douglas,Vermont,2003 - 2011,Republican,2009
John E. Baldacci,Maine,2003 - 2011,Democrat,2009
Mike Rounds,South Dakota,2003 - 2011,Republican,2009
Don Carcieri,Rhode Island,2003 - 2011,Republican,2009
Janet Napolitano,Arizona,2003 - 2009,Democrat,2009
Dave Freudenthal,Wyoming,2003 - 2011,Democrat,2009
Jim Doyle,Wisconsin,2003 - 2011,Democrat,2009
Tim Pawlenty,Minnesota,2003 - 2011,Republican,2009
Felix P. Camacho,Guam,2003 - 2011,Republican,2009
Bill Richardson,New Mexico,2003 - 2011,Democrat,2009
Jennifer M. Granholm,Michigan,2003 - 2011,Democrat,2009
Linda Lingle,Hawaii,2002 - 2010,Republican,2009
Ruth Ann Minner,Delaware,2001 - 2009,Democrat,2009
Michael F. Easley,North Carolina,2001 - 2009,Democrat,2009
Rick Perry,Texas,2000 - 2015,Republican,2009
John Hoeven,North Dakota,2000 - 2010,Republican,2009
David A. Paterson,New York,2008 - 2011,Democrat,2008
Bobby Jindal,Louisiana,2008 - 2016,Republican,2008
Steven L. Beshear,Kentucky,2007 - 2015,Democrat,2008
Martin O’Malley,Maryland,2007 - 2015,Democrat,2008
Chet Culver,Iowa,2007 - 2011,Democrat,2008
Bill Ritter,Colorado,2007 - 2011,Democrat,2008
Mike Beebe,Arkansas,2007 - 2015,Democrat,2008
Ted Strickland,Ohio,2007 - 2011,Democrat,2008
Deval Patrick,Massachusetts,2007 - 2015,Democrat,2008
Charlie Crist,Florida,2007 - 2011,Republican,2008
C.L. “Butch” Otter,Idaho,2007 - 2019,Republican,2008
"John de Jongh, Jr.",Virgin Islands,2007 - 2015,Democrat,2008
Eliot Spitzer,New York,2007 - 2008,Democrat,2008
Jim Gibbons,Nevada,2007 - 2011,Republican,2008
Sarah Palin,Alaska,2006 - 2009,Republican,2008
Jon Corzine,New Jersey,2006 - 2010,Democrat,2008
Tim Kaine,Virginia,2006 - 2010,Democrat,2008
Benígno Fitial,Northern Mariana Islands,2006 - 2013,Republican,2008
Dave Heineman,Nebraska,2005 - 2015,Republican,2008
Joe Manchin III,West Virginia,2005 - 2010,Democrat,2008
Chris Gregoire,Washington,2005 - 2013,Democrat,2008
Matt Blunt,Missouri,2005 - 2009,Republican,2008
Mitch Daniels,Indiana,2005 - 2013,Republican,2008
John Lynch,New Hampshire,2005 - 2013,Democrat,2008
Jon Huntsman,Utah,2005 - 2009,Republican,2008
Anibal Acevedo Vilá,Puerto Rico,2005 - 2009,Popular Democratic Party,2008
Brian Schweitzer,Montana,2005 - 2013,Democrat,2008
M. Jodi Rell,Connecticut,2004 - 2011,Republican,2008
Kathleen Babineaux Blanco,Louisiana,2004 - 2008,Democrat,2008
Haley Barbour,Mississippi,2004 - 2012,Republican,2008
Arnold Schwarzenegger,California,2003 - 2011,Republican,2008
Togiola T. A. Tulafono,American Samoa,2003 - 2013,Democrat,2008
Edward G. Rendell,Pennsylvania,2003 - 2011,Democrat,2008
Bob Riley,Alabama,2003 - 2011,Republican,2008
Phil Bredesen,Tennessee,2003 - 2011,Democrat,2008
Mark Sanford,South Carolina,2003 - 2011,Republican,2008
Sonny Perdue,Georgia,2003 - 2011,Republican,2008
Rod R. Blagojevich,Illinois,2003 - 2009,Democrat,2008
Brad Henry,Oklahoma,2003 - 2011,Democrat,2008
Ted Kulongoski,Oregon,2003 - 2011,Democrat,2008
Kathleen Sebelius,Kansas,2003 - 2009,Democrat,2008
Jim Douglas,Vermont,2003 - 2011,Republican,2008
John E. Baldacci,Maine,2003 - 2011,Democrat,2008
Mike Rounds,South Dakota,2003 - 2011,Republican,2008
Don Carcieri,Rhode Island,2003 - 2011,Republican,2008
Janet Napolitano,Arizona,2003 - 2009,Democrat,2008
Dave Freudenthal,Wyoming,2003 - 2011,Democrat,2008
Jim Doyle,Wisconsin,2003 - 2011,Democrat,2008
Tim Pawlenty,Minnesota,2003 - 2011,Republican,2008
Felix P. Camacho,Guam,2003 - 2011,Republican,2008
Bill Richardson,New Mexico,2003 - 2011,Democrat,2008
Jennifer M. Granholm,Michigan,2003 - 2011,Democrat,2008
Linda Lingle,Hawaii,2002 - 2010,Republican,2008
Ruth Ann Minner,Delaware,2001 - 2009,Democrat,2008
Michael F. Easley,North Carolina,2001 - 2009,Democrat,2008
Rick Perry,Texas,2000 - 2015,Republican,2008
John Hoeven,North Dakota,2000 - 2010,Republican,2008
Steven L. Beshear,Kentucky,2007 - 2015,Democrat,2007
Martin O’Malley,Maryland,2007 - 2015,Democrat,2007
Chet Culver,Iowa,2007 - 2011,Democrat,2007
Bill Ritter,Colorado,2007 - 2011,Democrat,2007
Mike Beebe,Arkansas,2007 - 2015,Democrat,2007
Ted Strickland,Ohio,2007 - 2011,Democrat,2007
Deval Patrick,Massachusetts,2007 - 2015,Democrat,2007
Charlie Crist,Florida,2007 - 2011,Republican,2007
C.L. “Butch” Otter,Idaho,2007 - 2019,Republican,2007
"John de Jongh, Jr.",Virgin Islands,2007 - 2015,Democrat,2007
Eliot Spitzer,New York,2007 - 2008,Democrat,2007
Jim Gibbons,Nevada,2007 - 2011,Republican,2007
Sarah Palin,Alaska,2006 - 2009,Republican,2007
James E. Risch,Idaho,2006 - 2007,Republican,2007
Jon Corzine,New Jersey,2006 - 2010,Democrat,2007
Tim Kaine,Virginia,2006 - 2010,Democrat,2007
Benígno Fitial,Northern Mariana Islands,2006 - 2013,Republican,2007
Dave Heineman,Nebraska,2005 - 2015,Republican,2007
Joe Manchin III,West Virginia,2005 - 2010,Democrat,2007
Chris Gregoire,Washington,2005 - 2013,Democrat,2007
Matt Blunt,Missouri,2005 - 2009,Republican,2007
Mitch Daniels,Indiana,2005 - 2013,Republican,2007
John Lynch,New Hampshire,2005 - 2013,Democrat,2007
Jon Huntsman,Utah,2005 - 2009,Republican,2007
Anibal Acevedo Vilá,Puerto Rico,2005 - 2009,Popular Democratic Party,2007
Brian Schweitzer,Montana,2005 - 2013,Democrat,2007
M. Jodi Rell,Connecticut,2004 - 2011,Republican,2007
Kathleen Babineaux Blanco,Louisiana,2004 - 2008,Democrat,2007
Haley Barbour,Mississippi,2004 - 2012,Republican,2007
Ernie Fletcher,Kentucky,2003 - 2007,Republican,2007
Arnold Schwarzenegger,California,2003 - 2011,Republican,2007
Togiola T. A. Tulafono,American Samoa,2003 - 2013,Democrat,2007
Edward G. Rendell,Pennsylvania,2003 - 2011,Democrat,2007
Bob Riley,Alabama,2003 - 2011,Republican,2007
Phil Bredesen,Tennessee,2003 - 2011,Democrat,2007
Mark Sanford,South Carolina,2003 - 2011,Republican,2007
Robert L. Ehrlich,Maryland,2003 - 2007,Republican,2007
Sonny Perdue,Georgia,2003 - 2011,Republican,2007
Rod R. Blagojevich,Illinois,2003 - 2009,Democrat,2007
Brad Henry,Oklahoma,2003 - 2011,Democrat,2007
Ted Kulongoski,Oregon,2003 - 2011,Democrat,2007
Kathleen Sebelius,Kansas,2003 - 2009,Democrat,2007
Jim Douglas,Vermont,2003 - 2011,Republican,2007
John E. Baldacci,Maine,2003 - 2011,Democrat,2007
Mike Rounds,South Dakota,2003 - 2011,Republican,2007
Don Carcieri,Rhode Island,2003 - 2011,Republican,2007
Janet Napolitano,Arizona,2003 - 2009,Democrat,2007
Dave Freudenthal,Wyoming,2003 - 2011,Democrat,2007
Jim Doyle,Wisconsin,2003 - 2011,Democrat,2007
Tim Pawlenty,Minnesota,2003 - 2011,Republican,2007
Felix P. Camacho,Guam,2003 - 2011,Republican,2007
Bill Richardson,New Mexico,2003 - 2011,Democrat,2007
Jennifer M. Granholm,Michigan,2003 - 2011,Democrat,2007
Mitt Romney,Massachusetts,2003 - 2007,Republican,2007
Linda Lingle,Hawaii,2002 - 2010,Republican,2007
Ruth Ann Minner,Delaware,2001 - 2009,Democrat,2007
Michael F. Easley,North Carolina,2001 - 2009,Democrat,2007
Rick Perry,Texas,2000 - 2015,Republican,2007
John Hoeven,North Dakota,2000 - 2010,Republican,2007
Thomas J. Vilsack,Iowa,1999 - 2007,Democrat,2007
Bill Owens,Colorado,1999 - 2007,Republican,2007
Jeb Bush,Florida,1999 - 2007,Republican,2007
Kenny Guinn,Nevada,1999 - 2007,Republican,2007
Charles W. Turnbull,Virgin Islands,1999 - 2007,Democrat,2007
Bob Taft,Ohio,1999 - 2007,Republican,2007
Mike Huckabee,Arkansas,1996 - 2007,Republican,2007
George E. Pataki,New York,1995 - 2007,Republican,2007
Sarah Palin,Alaska,2006 - 2009,Republican,2006
James E. Risch,Idaho,2006 - 2007,Republican,2006
Jon Corzine,New Jersey,2006 - 2010,Democrat,2006
Tim Kaine,Virginia,2006 - 2010,Democrat,2006
Benígno Fitial,Northern Mariana Islands,2006 - 2013,Republican,2006
Dave Heineman,Nebraska,2005 - 2015,Republican,2006
Joe Manchin III,West Virginia,2005 - 2010,Democrat,2006
Chris Gregoire,Washington,2005 - 2013,Democrat,2006
Matt Blunt,Missouri,2005 - 2009,Republican,2006
Mitch Daniels,Indiana,2005 - 2013,Republican,2006
John Lynch,New Hampshire,2005 - 2013,Democrat,2006
Jon Huntsman,Utah,2005 - 2009,Republican,2006
Anibal Acevedo Vilá,Puerto Rico,2005 - 2009,Popular Democratic Party,2006
Brian Schweitzer,Montana,2005 - 2013,Democrat,2006
M. Jodi Rell,Connecticut,2004 - 2011,Republican,2006
Kathleen Babineaux Blanco,Louisiana,2004 - 2008,Democrat,2006
Haley Barbour,Mississippi,2004 - 2012,Republican,2006
Ernie Fletcher,Kentucky,2003 - 2007,Republican,2006
Arnold Schwarzenegger,California,2003 - 2011,Republican,2006
Togiola T. A. Tulafono,American Samoa,2003 - 2013,Democrat,2006
Edward G. Rendell,Pennsylvania,2003 - 2011,Democrat,2006
Bob Riley,Alabama,2003 - 2011,Republican,2006
Phil Bredesen,Tennessee,2003 - 2011,Democrat,2006
Mark Sanford,South Carolina,2003 - 2011,Republican,2006
Robert L. Ehrlich,Maryland,2003 - 2007,Republican,2006
Sonny Perdue,Georgia,2003 - 2011,Republican,2006
Rod R. Blagojevich,Illinois,2003 - 2009,Democrat,2006
Brad Henry,Oklahoma,2003 - 2011,Democrat,2006
Ted Kulongoski,Oregon,2003 - 2011,Democrat,2006
Kathleen Sebelius,Kansas,2003 - 2009,Democrat,2006
Jim Douglas,Vermont,2003 - 2011,Republican,2006
John E. Baldacci,Maine,2003 - 2011,Democrat,2006
Mike Rounds,South Dakota,2003 - 2011,Republican,2006
Don Carcieri,Rhode Island,2003 - 2011,Republican,2006
Janet Napolitano,Arizona,2003 - 2009,Democrat,2006
Dave Freudenthal,Wyoming,2003 - 2011,Democrat,2006
Jim Doyle,Wisconsin,2003 - 2011,Democrat,2006
Tim Pawlenty,Minnesota,2003 - 2011,Republican,2006
Felix P. Camacho,Guam,2003 - 2011,Republican,2006
Bill Richardson,New Mexico,2003 - 2011,Democrat,2006
Jennifer M. Granholm,Michigan,2003 - 2011,Democrat,2006
Mitt Romney,Massachusetts,2003 - 2007,Republican,2006
Linda Lingle,Hawaii,2002 - 2010,Republican,2006
Frank H. Murkowski,Alaska,2002 - 2006,Republican,2006
Juan N. Babauta,Northern Mariana Islands,2002 - 2006,Republican,2006
Mark R. Warner,Virginia,2002 - 2006,Democrat,2006
Ruth Ann Minner,Delaware,2001 - 2009,Democrat,2006
Michael F. Easley,North Carolina,2001 - 2009,Democrat,2006
Rick Perry,Texas,2000 - 2015,Republican,2006
John Hoeven,North Dakota,2000 - 2010,Republican,2006
Thomas J. Vilsack,Iowa,1999 - 2007,Democrat,2006
Bill Owens,Colorado,1999 - 2007,Republican,2006
Dirk Kempthorne,Idaho,1999 - 2006,Republican,2006
Jeb Bush,Florida,1999 - 2007,Republican,2006
Kenny Guinn,Nevada,1999 - 2007,Republican,2006
Charles W. Turnbull,Virgin Islands,1999 - 2007,Democrat,2006
Bob Taft,Ohio,1999 - 2007,Republican,2006
Mike Huckabee,Arkansas,1996 - 2007,Republican,2006
George E. Pataki,New York,1995 - 2007,Republican,2006
Dave Heineman,Nebraska,2005 - 2015,Republican,2005
Joe Manchin III,West Virginia,2005 - 2010,Democrat,2005
Chris Gregoire,Washington,2005 - 2013,Democrat,2005
Matt Blunt,Missouri,2005 - 2009,Republican,2005
Mitch Daniels,Indiana,2005 - 2013,Republican,2005
John Lynch,New Hampshire,2005 - 2013,Democrat,2005
Jon Huntsman,Utah,2005 - 2009,Republican,2005
Anibal Acevedo Vilá,Puerto Rico,2005 - 2009,Popular Democratic Party,2005
Brian Schweitzer,Montana,2005 - 2013,Democrat,2005
M. Jodi Rell,Connecticut,2004 - 2011,Republican,2005
Kathleen Babineaux Blanco,Louisiana,2004 - 2008,Democrat,2005
Haley Barbour,Mississippi,2004 - 2012,Republican,2005
Ernie Fletcher,Kentucky,2003 - 2007,Republican,2005
Arnold Schwarzenegger,California,2003 - 2011,Republican,2005
Olene Smith Walker,Utah,2003 - 2005,Republican,2005
Joseph E. Kernan,Indiana,2003 - 2005,Democrat,2005
Togiola T. A. Tulafono,American Samoa,2003 - 2013,Democrat,2005
Edward G. Rendell,Pennsylvania,2003 - 2011,Democrat,2005
Bob Riley,Alabama,2003 - 2011,Republican,2005
Phil Bredesen,Tennessee,2003 - 2011,Democrat,2005
Mark Sanford,South Carolina,2003 - 2011,Republican,2005
Robert L. Ehrlich,Maryland,2003 - 2007,Republican,2005
Sonny Perdue,Georgia,2003 - 2011,Republican,2005
Rod R. Blagojevich,Illinois,2003 - 2009,Democrat,2005
Brad Henry,Oklahoma,2003 - 2011,Democrat,2005
Ted Kulongoski,Oregon,2003 - 2011,Democrat,2005
Craig Benson,New Hampshire,2003 - 2005,Republican,2005
Kathleen Sebelius,Kansas,2003 - 2009,Democrat,2005
Jim Douglas,Vermont,2003 - 2011,Republican,2005
John E. Baldacci,Maine,2003 - 2011,Democrat,2005
Mike Rounds,South Dakota,2003 - 2011,Republican,2005
Don Carcieri,Rhode Island,2003 - 2011,Republican,2005
Janet Napolitano,Arizona,2003 - 2009,Democrat,2005
Dave Freudenthal,Wyoming,2003 - 2011,Democrat,2005
Jim Doyle,Wisconsin,2003 - 2011,Democrat,2005
Tim Pawlenty,Minnesota,2003 - 2011,Republican,2005
Felix P. Camacho,Guam,2003 - 2011,Republican,2005
Bill Richardson,New Mexico,2003 - 2011,Democrat,2005
Jennifer M. Granholm,Michigan,2003 - 2011,Democrat,2005
Mitt Romney,Massachusetts,2003 - 2007,Republican,2005
Linda Lingle,Hawaii,2002 - 2010,Republican,2005
Frank H. Murkowski,Alaska,2002 - 2006,Republican,2005
Juan N. Babauta,Northern Mariana Islands,2002 - 2006,Republican,2005
Mark R. Warner,Virginia,2002 - 2006,Democrat,2005
Bob Wise,West Virginia,2001 - 2005,Democrat,2005
Robert L. Holden,Missouri,2001 - 2005,Democrat,2005
Ruth Ann Minner,Delaware,2001 - 2009,Democrat,2005
Sila M. Calderon,Puerto Rico,2001 - 2005,Popular Democratic Party,2005
Michael F. Easley,North Carolina,2001 - 2009,Democrat,2005
Judy Martz,Montana,2001 - 2005,Republican,2005
Rick Perry,Texas,2000 - 2015,Republican,2005
John Hoeven,North Dakota,2000 - 2010,Republican,2005
Thomas J. Vilsack,Iowa,1999 - 2007,Democrat,2005
Bill Owens,Colorado,1999 - 2007,Republican,2005
Dirk Kempthorne,Idaho,1999 - 2006,Republican,2005
Mike Johanns,Nebraska,1999 - 2005,Republican,2005
Jeb Bush,Florida,1999 - 2007,Republican,2005
Kenny Guinn,Nevada,1999 - 2007,Republican,2005
Charles W. Turnbull,Virgin Islands,1999 - 2007,Democrat,2005
Bob Taft,Ohio,1999 - 2007,Republican,2005
Gary Locke,Washington,1997 - 2005,Democrat,2005
Mike Huckabee,Arkansas,1996 - 2007,Republican,2005
George E. Pataki,New York,1995 - 2007,Republican,2005
M. Jodi Rell,Connecticut,2004 - 2011,Republican,2004
Kathleen Babineaux Blanco,Louisiana,2004 - 2008,Democrat,2004
Haley Barbour,Mississippi,2004 - 2012,Republican,2004
Ernie Fletcher,Kentucky,2003 - 2007,Republican,2004
Arnold Schwarzenegger,California,2003 - 2011,Republican,2004
Olene Smith Walker,Utah,2003 - 2005,Republican,2004
Joseph E. Kernan,Indiana,2003 - 2005,Democrat,2004
Togiola T. A. Tulafono,American Samoa,2003 - 2013,Democrat,2004
Edward G. Rendell,Pennsylvania,2003 - 2011,Democrat,2004
Bob Riley,Alabama,2003 - 2011,Republican,2004
Phil Bredesen,Tennessee,2003 - 2011,Democrat,2004
Mark Sanford,South Carolina,2003 - 2011,Republican,2004
Robert L. Ehrlich,Maryland,2003 - 2007,Republican,2004
Sonny Perdue,Georgia,2003 - 2011,Republican,2004
Rod R. Blagojevich,Illinois,2003 - 2009,Democrat,2004
Brad Henry,Oklahoma,2003 - 2011,Democrat,2004
Ted Kulongoski,Oregon,2003 - 2011,Democrat,2004
Craig Benson,New Hampshire,2003 - 2005,Republican,2004
Kathleen Sebelius,Kansas,2003 - 2009,Democrat,2004
Jim Douglas,Vermont,2003 - 2011,Republican,2004
John E. Baldacci,Maine,2003 - 2011,Democrat,2004
Mike Rounds,South Dakota,2003 - 2011,Republican,2004
Don Carcieri,Rhode Island,2003 - 2011,Republican,2004
Janet Napolitano,Arizona,2003 - 2009,Democrat,2004
Dave Freudenthal,Wyoming,2003 - 2011,Democrat,2004
Jim Doyle,Wisconsin,2003 - 2011,Democrat,2004
Tim Pawlenty,Minnesota,2003 - 2011,Republican,2004
Felix P. Camacho,Guam,2003 - 2011,Republican,2004
Bill Richardson,New Mexico,2003 - 2011,Democrat,2004
Jennifer M. Granholm,Michigan,2003 - 2011,Democrat,2004
Mitt Romney,Massachusetts,2003 - 2007,Republican,2004
Linda Lingle,Hawaii,2002 - 2010,Republican,2004
Frank H. Murkowski,Alaska,2002 - 2006,Republican,2004
James E. McGreevey,New Jersey,2002 - 2004,Democrat,2004
Juan N. Babauta,Northern Mariana Islands,2002 - 2006,Republican,2004
Mark R. Warner,Virginia,2002 - 2006,Democrat,2004
Bob Wise,West Virginia,2001 - 2005,Democrat,2004
Robert L. Holden,Missouri,2001 - 2005,Democrat,2004
Ruth Ann Minner,Delaware,2001 - 2009,Democrat,2004
Sila M. Calderon,Puerto Rico,2001 - 2005,Popular Democratic Party,2004
Michael F. Easley,North Carolina,2001 - 2009,Democrat,2004
Judy Martz,Montana,2001 - 2005,Republican,2004
Rick Perry,Texas,2000 - 2015,Republican,2004
John Hoeven,North Dakota,2000 - 2010,Republican,2004
David Ronald “Ronnie” Musgrove,Mississippi,2000 - 2004,Democrat,2004
Thomas J. Vilsack,Iowa,1999 - 2007,Democrat,2004
Bill Owens,Colorado,1999 - 2007,Republican,2004
Dirk Kempthorne,Idaho,1999 - 2006,Republican,2004
Mike Johanns,Nebraska,1999 - 2005,Republican,2004
Jeb Bush,Florida,1999 - 2007,Republican,2004
Kenny Guinn,Nevada,1999 - 2007,Republican,2004
Charles W. Turnbull,Virgin Islands,1999 - 2007,Democrat,2004
Bob Taft,Ohio,1999 - 2007,Republican,2004
Gary Locke,Washington,1997 - 2005,Democrat,2004
Mike Huckabee,Arkansas,1996 - 2007,Republican,2004
John G. Rowland,Connecticut,1995 - 2004,Republican,2004
George E. Pataki,New York,1995 - 2007,Republican,2004
Mike Foster,Louisiana,1992 - 2004,Republican,2004
John A. Kitzhaber,Oregon,1995 - 2003,Democrat,2003
Ernie Fletcher,Kentucky,2003 - 2007,Republican,2003
Arnold Schwarzenegger,California,2003 - 2011,Republican,2003
Olene Smith Walker,Utah,2003 - 2005,Republican,2003
Joseph E. Kernan,Indiana,2003 - 2005,Democrat,2003
Togiola T. A. Tulafono,American Samoa,2003 - 2013,Democrat,2003
Edward G. Rendell,Pennsylvania,2003 - 2011,Democrat,2003
Bob Riley,Alabama,2003 - 2011,Republican,2003
Phil Bredesen,Tennessee,2003 - 2011,Democrat,2003
Mark Sanford,South Carolina,2003 - 2011,Republican,2003
Robert L. Ehrlich,Maryland,2003 - 2007,Republican,2003
Sonny Perdue,Georgia,2003 - 2011,Republican,2003
Rod R. Blagojevich,Illinois,2003 - 2009,Democrat,2003
Brad Henry,Oklahoma,2003 - 2011,Democrat,2003
Ted Kulongoski,Oregon,2003 - 2011,Democrat,2003
Craig Benson,New Hampshire,2003 - 2005,Republican,2003
Kathleen Sebelius,Kansas,2003 - 2009,Democrat,2003
Jim Douglas,Vermont,2003 - 2011,Republican,2003
John E. Baldacci,Maine,2003 - 2011,Democrat,2003
Mike Rounds,South Dakota,2003 - 2011,Republican,2003
Don Carcieri,Rhode Island,2003 - 2011,Republican,2003
Janet Napolitano,Arizona,2003 - 2009,Democrat,2003
Dave Freudenthal,Wyoming,2003 - 2011,Democrat,2003
Jim Doyle,Wisconsin,2003 - 2011,Democrat,2003
Tim Pawlenty,Minnesota,2003 - 2011,Republican,2003
Felix P. Camacho,Guam,2003 - 2011,Republican,2003
Bill Richardson,New Mexico,2003 - 2011,Democrat,2003
Jennifer M. Granholm,Michigan,2003 - 2011,Democrat,2003
Mitt Romney,Massachusetts,2003 - 2007,Republican,2003
Linda Lingle,Hawaii,2002 - 2010,Republican,2003
Frank H. Murkowski,Alaska,2002 - 2006,Republican,2003
James E. McGreevey,New Jersey,2002 - 2004,Democrat,2003
Juan N. Babauta,Northern Mariana Islands,2002 - 2006,Republican,2003
Mark R. Warner,Virginia,2002 - 2006,Democrat,2003
Mark Schweiker,Pennsylvania,2001 - 2003,Republican,2003
Jane Maria Swift,Massachusetts,2001 - 2003,Republican,2003
Scott McCallum,Wisconsin,2001 - 2003,Republican,2003
Bob Wise,West Virginia,2001 - 2005,Democrat,2003
Robert L. Holden,Missouri,2001 - 2005,Democrat,2003
Ruth Ann Minner,Delaware,2001 - 2009,Democrat,2003
Sila M. Calderon,Puerto Rico,2001 - 2005,Popular Democratic Party,2003
Michael F. Easley,North Carolina,2001 - 2009,Democrat,2003
Judy Martz,Montana,2001 - 2005,Republican,2003
Rick Perry,Texas,2000 - 2015,Republican,2003
John Hoeven,North Dakota,2000 - 2010,Republican,2003
David Ronald “Ronnie” Musgrove,Mississippi,2000 - 2004,Democrat,2003
Donald Eugene Siegelman,Alabama,1999 - 2003,Democrat,2003
Thomas J. Vilsack,Iowa,1999 - 2007,Democrat,2003
Bill Owens,Colorado,1999 - 2007,Republican,2003
Roy E. Barnes,Georgia,1999 - 2003,Democrat,2003
George H. Ryan,Illinois,1999 - 2003,Republican,2003
Dirk Kempthorne,Idaho,1999 - 2006,Republican,2003
Mike Johanns,Nebraska,1999 - 2005,Republican,2003
Jeb Bush,Florida,1999 - 2007,Republican,2003
Kenny Guinn,Nevada,1999 - 2007,Republican,2003
Jesse Ventura,Minnesota,1999 - 2003,Independent,2003
Charles W. Turnbull,Virgin Islands,1999 - 2007,Democrat,2003
Gray Davis,California,1999 - 2003,Democrat,2003
Bob Taft,Ohio,1999 - 2007,Republican,2003
Jim Hodges,South Carolina,1999 - 2003,Democrat,2003
Jane Dee Hull,Arizona,1997 - 2003,Republican,2003
Gary Locke,Washington,1997 - 2005,Democrat,2003
Frank O’Bannon,Indiana,1997 - 2003,Democrat,2003
Jeanne Shaheen,New Hampshire,1997 - 2003,Democrat,2003
Tauese P. F. Sunia,American Samoa,1997 - 2003,Democrat,2003
Mike Huckabee,Arkansas,1996 - 2007,Republican,2003
Paul E. Patton,Kentucky,1995 - 2003,Democrat,2003
Parris N. Glendening,Maryland,1995 - 2003,Democrat,2003
Don Sundquist,Tennessee,1995 - 2003,Republican,2003
Francis Anthony Keating,Oklahoma,1995 - 2003,Republican,2003
Bill Graves,Kansas,1995 - 2003,Republican,2003
William J. Janklow,South Dakota,1995 - 2003,Republican,2003
Angus S. King,Maine,1995 - 2003,Independent,2003
John G. Rowland,Connecticut,1995 - 2004,Republican,2003
Lincoln Almond,Rhode Island,1995 - 2003,Republican,2003
Jim Geringer,Wyoming,1995 - 2003,Republican,2003
Gary E. Johnson,New Mexico,1995 - 2003,Republican,2003
Carl T. C. Gutierrez,Guam,1995 - 2003,Democrat,2003
George E. Pataki,New York,1995 - 2007,Republican,2003
Michael Okerlund Leavitt,Utah,1993 - 2003,Republican,2003
Mike Foster,Louisiana,1992 - 2004,Republican,2003
Howard Dean,Vermont,1991 - 2003,Democrat,2003
John Engler,Michigan,1991 - 2003,Republican,2003
John A. Kitzhaber,Oregon,1995 - 2003,Democrat,2002
Linda Lingle,Hawaii,2002 - 2010,Republican,2002
Frank H. Murkowski,Alaska,2002 - 2006,Republican,2002
James E. McGreevey,New Jersey,2002 - 2004,Democrat,2002
Juan N. Babauta,Northern Mariana Islands,2002 - 2006,Republican,2002
Mark R. Warner,Virginia,2002 - 2006,Democrat,2002
Richard J. Codey,New Jersey,2002 - 2002,Democrat,2002
John O. Bennett,New Jersey,2002 - 2002,Republican,2002
Mark Schweiker,Pennsylvania,2001 - 2003,Republican,2002
Jane Maria Swift,Massachusetts,2001 - 2003,Republican,2002
Scott McCallum,Wisconsin,2001 - 2003,Republican,2002
Donald T. DiFrancesco,New Jersey,2001 - 2002,Republican,2002
Bob Wise,West Virginia,2001 - 2005,Democrat,2002
Robert L. Holden,Missouri,2001 - 2005,Democrat,2002
Ruth Ann Minner,Delaware,2001 - 2009,Democrat,2002
Sila M. Calderon,Puerto Rico,2001 - 2005,Popular Democratic Party,2002
Michael F. Easley,North Carolina,2001 - 2009,Democrat,2002
Judy Martz,Montana,2001 - 2005,Republican,2002
Rick Perry,Texas,2000 - 2015,Republican,2002
John Hoeven,North Dakota,2000 - 2010,Republican,2002
David Ronald “Ronnie” Musgrove,Mississippi,2000 - 2004,Democrat,2002
Donald Eugene Siegelman,Alabama,1999 - 2003,Democrat,2002
Thomas J. Vilsack,Iowa,1999 - 2007,Democrat,2002
Bill Owens,Colorado,1999 - 2007,Republican,2002
Roy E. Barnes,Georgia,1999 - 2003,Democrat,2002
George H. Ryan,Illinois,1999 - 2003,Republican,2002
Dirk Kempthorne,Idaho,1999 - 2006,Republican,2002
Mike Johanns,Nebraska,1999 - 2005,Republican,2002
Jeb Bush,Florida,1999 - 2007,Republican,2002
Kenny Guinn,Nevada,1999 - 2007,Republican,2002
Jesse Ventura,Minnesota,1999 - 2003,Independent,2002
Charles W. Turnbull,Virgin Islands,1999 - 2007,Democrat,2002
Gray Davis,California,1999 - 2003,Democrat,2002
Bob Taft,Ohio,1999 - 2007,Republican,2002
Jim Hodges,South Carolina,1999 - 2003,Democrat,2002
James S. Gilmore,Virginia,1998 - 2002,Republican,2002
Pedro P. Tenorio,Northern Mariana Islands,1998 - 2002,Republican,2002
Jane Dee Hull,Arizona,1997 - 2003,Republican,2002
Gary Locke,Washington,1997 - 2005,Democrat,2002
Frank O’Bannon,Indiana,1997 - 2003,Democrat,2002
Jeanne Shaheen,New Hampshire,1997 - 2003,Democrat,2002
Tauese P. F. Sunia,American Samoa,1997 - 2003,Democrat,2002
Mike Huckabee,Arkansas,1996 - 2007,Republican,2002
Paul E. Patton,Kentucky,1995 - 2003,Democrat,2002
Parris N. Glendening,Maryland,1995 - 2003,Democrat,2002
Don Sundquist,Tennessee,1995 - 2003,Republican,2002
Francis Anthony Keating,Oklahoma,1995 - 2003,Republican,2002
Bill Graves,Kansas,1995 - 2003,Republican,2002
William J. Janklow,South Dakota,1995 - 2003,Republican,2002
Angus S. King,Maine,1995 - 2003,Independent,2002
John G. Rowland,Connecticut,1995 - 2004,Republican,2002
Lincoln Almond,Rhode Island,1995 - 2003,Republican,2002
Jim Geringer,Wyoming,1995 - 2003,Republican,2002
Gary E. Johnson,New Mexico,1995 - 2003,Republican,2002
Carl T. C. Gutierrez,Guam,1995 - 2003,Democrat,2002
George E. Pataki,New York,1995 - 2007,Republican,2002
Tony Knowles,Alaska,1994 - 2002,Democrat,2002
Benjamin J. Cayetano,Hawaii,1994 - 2002,Democrat,2002
Michael Okerlund Leavitt,Utah,1993 - 2003,Republican,2002
Mike Foster,Louisiana,1992 - 2004,Republican,2002
Howard Dean,Vermont,1991 - 2003,Democrat,2002
John Engler,Michigan,1991 - 2003,Republican,2002
